#,id,created,deleted,last_updated,uuid_str,bbs_code,name_bn,name_en,created_by_id,updated_by_id,upazila_id,weight
1,1,2020-06-03 17:32:31,false,2020-06-03 17:32:31,31c5d032-f670-4dff-9823-9b2a78d93442,20,আমতলী পৌরসভা,Amtali pourasabha,,,1,0
2,2,2020-06-03 17:32:33,false,2020-06-03 17:32:33,fc4bb917-4f20-4114-8d37-4a58cdc3231e,40,বরগুনা পৌরসভা,Barguna pourasabha,,,3,0
3,3,2020-06-03 17:32:34,false,2020-06-03 17:32:34,37dbbf76-54f2-45ee-9e02-04e4c325433b,60,বেতাগী পৌরসভা,Betagi pourasabha,,,4,0
4,4,2020-06-03 17:32:35,false,2020-06-03 17:32:35,fe202313-2f5f-47b8-af38-cb29c90a02e7,80,পাথরঘাটা পৌরসভা,Patharghata pourasabha,,,5,0
5,5,2020-06-03 17:32:37,false,2020-06-03 17:32:37,dc7f9141-7810-4479-b6ea-b0a387cd96e6,16,বাকেরগঞ্জ পৌরসভা,Bakerganj pourasabha,,,9,0
6,6,2020-06-03 17:32:39,false,2020-06-03 17:32:39,201bf1a4-9f64-4caf-b549-b3cec15aa487,33,বানারিপাড়া পৌরসভা,Banari para pourasabha,,,563,0
7,7,2020-06-03 17:32:40,false,2020-06-03 17:32:40,bc9c517e-d782-4f79-80c6-7ec063d1fcaa,67,গৌরনদী পৌরসভা,Gaurnadi pourasabha,,,11,0
8,8,2020-06-03 17:32:42,false,2020-06-03 17:32:42,ac2f28d6-68b4-4056-8abf-1d9fe5d53384,83,মেহেন্দিগঞ্জ পৌরসভা,Mehendiganj pourasabha,,,14,0
9,9,2020-06-03 17:32:43,false,2020-06-03 17:32:43,6461a9b4-6280-4901-bdba-e4018e13cf1a,87,মুলাদি পৌরসভা,Muladi pourasabha,,,15,0
10,10,2020-06-03 17:32:44,false,2020-06-03 17:32:44,9e436620-aaf5-4124-80a6-cc5a0eb98157,89,উজিরপুর পৌরসভা,Ujirpur pourasabha,,,16,0
11,11,2020-06-03 17:32:48,false,2020-06-03 17:32:48,81c65cba-29f6-4b61-a6fb-8b725464b9a9,16,ভোলা পৌরসভা,Bhola pourasabha,,,17,0
12,12,2020-06-03 17:32:49,false,2020-06-03 17:32:49,835e2dae-54b9-4ae1-8fa7-efe20516e817,33,বোরহানউদ্দিন পৌরসভা,Borhanuddin pourasabha,,,18,0
13,13,2020-06-03 17:32:51,false,2020-06-03 17:32:51,e495fdf7-6fc4-47c3-b2e1-704affa26e5d,50,চরফ্যাশন পৌরসভা,Charfasson pourasabha,,,492,0
14,14,2020-06-03 17:32:52,false,2020-06-03 17:32:52,a0fe10d6-7da6-403a-8e2d-cb935af1017f,67,দৌলতখান পৌরসভা,Daulatkhan pourasabha,,,19,0
15,15,2020-06-03 17:32:53,false,2020-06-03 17:32:53,10434d56-acc8-4966-9d92-1eaa152252c7,83,লালমোহন পৌরসভা,Lalmohan pourasabha,,,20,0
16,16,2020-06-03 17:32:55,false,2020-06-03 17:32:55,e8a35b20-adf3-46c0-8413-3f8fb3254c1f,33,ঝালকাঠি পৌরসভা,Jhalokathi pourasabha,,,23,0
17,17,2020-06-03 17:32:57,false,2020-06-03 17:32:57,d5d6ce0d-df89-4c8b-9218-2c2aacfe612d,66,নলছিটি পৌরসভা,Nalchhity pourasabha,,,24,0
18,18,2020-06-03 17:32:58,false,2020-06-03 17:32:58,d9088ac4-c254-435e-a905-cb4593ed0dad,16,বাউফল পৌরসভা,Bauphal pourasabha,,,26,0
19,19,2020-06-03 17:33:01,false,2020-06-03 17:33:01,0a013ff3-1da4-4af6-940a-f62fc2c2e22c,25,গলাচিপা পৌরসভা,Galachipa pourasabha,,,495,0
20,20,2020-06-03 17:33:02,false,2020-06-03 17:33:02,c2f61fc7-f40d-4e22-aa63-28cb242ced67,50,কলাপাড়া পৌরসভা,Kalapara pourasabha,,,29,0
21,21,2020-06-03 17:33:03,false,2020-06-03 17:33:03,9d67d77e-d169-4a20-9d9a-eb2040fc3eae,60,কুয়াকাটা পৌরসভা,Kuakata pourasabha,,,29,0
22,22,2020-06-03 17:33:05,false,2020-06-03 17:33:05,d74b6605-e352-4f70-8f3f-4f35882715c5,75,পুটয়াখালী পৌরসভা,Patuakhali pourasabha,,,31,0
23,23,2020-06-03 17:33:06,false,2020-06-03 17:33:06,c02c1208-e6be-4ee6-a045-e1454c040af0,10,ভাণ্ডারিয়া পৌরসভা,Bhandaria pourasabha,,,33,0
24,24,2020-06-03 17:33:07,false,2020-06-03 17:33:07,878a6428-bb13-4818-b0ee-46445796e472,25,মঠবাড়িয়া পৌরসভা,Mathbaria pourasabha,,,35,0
25,25,2020-06-03 17:33:09,false,2020-06-03 17:33:09,070bd256-767c-4d76-8d85-5589b9727f0e,50,পিরোজপুর পৌরসভা,Pirojpur pourasabha,,,37,0
26,26,2020-06-03 17:33:10,false,2020-06-03 17:33:10,1f570ccb-6102-44cb-9ac2-94e8643ac763,75,স্বরুপকাঠী পৌরসভা,Swarupkathi pourashabha,,,565,0
27,27,2020-06-03 17:33:12,false,2020-06-03 17:33:12,7d1b39ec-b6dd-45d7-a1d8-8580a2f0721c,50,বান্দরবান পৌরসভা,Bandarban pourasabha,,,41,0
28,28,2020-06-03 17:33:13,false,2020-06-03 17:33:13,871a5358-3434-47d7-9c6d-7aac31f7fc9a,62,লামা পৌরসভা,Lama pourasabha,,,42,0
29,29,2020-06-03 17:33:15,false,2020-06-03 17:33:15,13154f42-3ce1-4642-ae6a-445c9dfef9f8,22,আখাউড়া পৌরসভা,Akhaura pourasabha,,,47,0
30,30,2020-06-03 17:33:16,false,2020-06-03 17:33:16,2aab54f0-4105-4e99-a4ec-f11f9d67fc6a,15,বাঞ্ছারামপুর পৌরসভা,Banchharampur pourasabha,,,48,0
31,31,2020-06-03 17:33:18,false,2020-06-03 17:33:18,d69c6750-da8b-48e0-b3de-4fde10322c2e,66,ব্রাহ্মণবাড়িয়া পৌরসভা,Brahmanbaria pourasabha,,,50,0
32,32,2020-06-03 17:33:20,false,2020-06-03 17:33:20,a1072aea-98e9-4166-821e-177c80831cda,76,কসবা পৌরসভা,Kasba pourasabha,,,52,0
33,33,2020-06-03 17:33:22,false,2020-06-03 17:33:22,651ce449-223b-453e-a68d-b40c242bc784,88,নবীনগর পৌরসভা,Nabinagar pourasabha,,,53,0
34,34,2020-06-03 17:33:25,false,2020-06-03 17:33:25,baac8504-5e3d-49d3-a120-8cd9d1d46009,14,চাঁদপুর পৌরসভা,Chandpur pourasabha,,,56,0
35,35,2020-06-03 17:33:27,false,2020-06-03 17:33:27,f953bf78-0099-44cc-81ea-914e71951bc3,35,ফরিদগঞ্জ পৌরসভা,Faridganj pourasabha,,,57,0
36,36,2020-06-03 17:33:28,false,2020-06-03 17:33:28,bbc5d80f-da1d-4bcf-b331-92469ceeabd4,42,হাজীগঞ্জ পৌরসভা,Hajiganj pourasabha,,,59,0
37,37,2020-06-03 17:33:30,false,2020-06-03 17:33:30,93b02b55-dd24-4d45-bb00-ce80cb443afb,57,কচুয়া পৌরসভা,Kachua pourasabha,,,60,0
38,38,2020-06-03 17:33:31,false,2020-06-03 17:33:31,611f62c2-107c-41e9-9e0d-593cb974c1e6,71,মতলব পৌরসভা,Matlab pourasabha,,,61,0
39,39,2020-06-03 17:33:33,false,2020-06-03 17:33:33,1084deb5-18d5-44c4-b1af-20d6fc962289,28,ছেংগারচর পৌরসভা,Chhengarchar pourasabha,,,62,0
40,40,2020-06-03 17:33:34,false,2020-06-03 17:33:34,a4a02d46-acf8-48b2-9a88-ec985592ac39,85,শাহরাস্তি পৌরসভা,Shahrasti pourasabha,,,63,0
41,41,2020-06-03 17:33:36,false,2020-06-03 17:33:36,61e728af-8133-4c56-b560-cd980cfe1bc3,5,বাঁশখালী পৌরসভা,Banshkhali pourasabha,,,65,0
42,42,2020-06-03 17:33:37,false,2020-06-03 17:33:37,8a376dab-c06f-4e70-94de-ebf069685a5b,10,বোয়ালখালী পৌরসভা,Boalkhali pourasabha,,,66,0
43,43,2020-06-03 17:33:39,false,2020-06-03 17:33:39,cafe0218-0dc2-44ee-b9b3-b8d74bd49a82,12,চন্দনাইশ পৌরসভা,Chandanaish pourasabha,,,67,0
44,44,2020-06-03 17:33:40,false,2020-06-03 17:33:40,55ecb535-413b-403c-8446-48493ff5c4ce,22,ফটিকছড়ি পৌরসভা,Fatikchhari pourasabha,,,68,0
45,45,2020-06-03 17:33:41,false,2020-06-03 17:33:41,2e744bb3-461f-4239-9848-bc6f7f5327ba,28,নাজিরহাট পৌরসভা,Najirhat pourasabha,,,68,0
46,46,2020-06-03 17:33:43,false,2020-06-03 17:33:43,320f09d4-bfd6-4d47-953d-3e2f3c7e89a4,23,হাটহাজারী পৌরসভা,Hathazari paurashava,,,69,0
47,47,2020-06-03 17:33:45,false,2020-06-03 17:33:45,ca224bb8-1b45-4b88-89cb-5e70d08bfee3,8,বারইয়ারহাট পৌরসভা,Baraiyarhat pourasabha,,,71,0
48,48,2020-06-03 17:33:46,false,2020-06-03 17:33:46,119722b8-642d-425f-aedc-41457a318540,25,মীরসরাই পৌরসভা,Mirsarai pourasabha,,,71,0
49,49,2020-06-03 17:33:47,false,2020-06-03 17:33:47,5d353546-5969-43fa-84df-e5483c6ea835,33,পটিয়া পৌরসভা,Patiya pourasabha,,,72,0
50,50,2020-06-03 17:33:49,false,2020-06-03 17:33:49,38cfa83d-cd32-4b9f-bb92-d9f7ffcbd182,41,রাঙ্গুনিয়া পৌরসভা,Rangunia pourasabha,,,73,0
51,51,2020-06-03 17:33:50,false,2020-06-03 17:33:50,fc870155-467e-467f-ba42-c4208ae1d62e,50,রাউজান পৌরসভা,Raozan pourasabha,,,74,0
52,52,2020-06-03 17:33:52,false,2020-06-03 17:33:52,317461bd-6e32-4cb9-92a3-bcec266f6eed,67,সন্দ্বীপ পৌরসভা,Sandwip pourasabha,,,75,0
53,53,2020-06-03 17:33:54,false,2020-06-03 17:33:54,d77f8cbb-79f6-4892-8233-7788ec727756,75,সাতকানিয়া পৌরসভা,Satkania pourasabha,,,76,0
54,54,2020-06-03 17:33:55,false,2020-06-03 17:33:55,5c9257d5-be72-48d3-99a7-f5f47a9013f9,83,সীতাকুণ্ড পৌরসভা,Sitakunda pourasabha,,,77,0
55,55,2020-06-03 17:34:00,false,2020-06-03 17:34:00,a7536298-fe3d-4f0b-8c59-87293bf275d2,16,বরুড়া পৌরসভা,Barura pourasabha,,,78,0
56,56,2020-06-03 17:34:02,false,2020-06-03 17:34:02,b7abd512-a393-4c8c-b21b-e2ee5ce28514,33,চান্দিনা পৌরসভা,Chandina pourashabha,,,81,0
57,57,2020-06-03 17:34:04,false,2020-06-03 17:34:04,2f5a7fc7-94de-4b73-bdcf-631735e44be4,37,চৌদ্দগ্রাম পৌরসভা,Chauddagram pourasabha,,,82,0
58,58,2020-06-03 17:34:06,false,2020-06-03 17:34:06,e88a9846-3b18-4a8e-b8fb-bc13037581ad,67,দাউদকান্দি পৌরসভা,Daudkandi pourasabha,,,84,0
59,59,2020-06-03 17:34:08,false,2020-06-03 17:34:08,c20cc33e-d382-4743-b677-1a856bfd4d79,70,দেবিদ্বার পৌরসভা,Debidwar pourasabha,,,85,0
60,60,2020-06-03 17:34:09,false,2020-06-03 17:34:09,f35b7faf-9db9-47dd-a938-fabb265b1d11,75,হোমনা পৌরসভা,Homna pourasabha,,,86,0
61,61,2020-06-03 17:34:10,false,2020-06-03 17:34:10,1904549b-1ef6-47c5-b11e-1deac10e783c,83,লাকসাম পৌরসভা,Laksam pourasabha,,,88,0
62,62,2020-06-03 17:34:15,false,2020-06-03 17:34:15,d4f5a752-e2d6-4a26-b645-d1191f5fcbbd,87,নাঙ্গলকোট পৌরসভা,Nangalkot pourasabha,,,92,0
63,63,2020-06-03 17:34:19,false,2020-06-03 17:34:19,cd3d6709-387d-4ad2-ac1a-7ef9e67b7932,33,চকরিয়া পৌরসভা,Chakaria pourasabha,,,94,0
64,64,2020-06-03 17:34:20,false,2020-06-03 17:34:20,73bfc158-64bc-49ab-a391-dc0bcac9df3a,66,কক্সবাজার পৌরসভা,Coxs bazar pourasabha,,,95,0
65,65,2020-06-03 17:34:22,false,2020-06-03 17:34:22,e2c0e944-ebfb-4eed-b788-d7359e26e2b5,77,মহেশখালী পৌরসভা,Maheshkhali pourasabha,,,97,0
66,66,2020-06-03 17:34:24,false,2020-06-03 17:34:24,6eb8594a-6863-49a1-ac8f-6dd5a225b762,88,টেকনাফ পৌরসভা,Teknaf pourasabha,,,100,0
67,67,2020-06-03 17:34:25,false,2020-06-03 17:34:25,88f2c154-ba19-40cb-96a0-e4af47dabfe7,15,ছাগলনাইয়া পৌরসভা,Chhagalnaiya pourasabha,,,102,0
68,68,2020-06-03 17:34:26,false,2020-06-03 17:34:26,0b62dc4c-e86f-4d26-88a3-a21b2dc1f565,30,দাগনভূঞা পৌরসভা,Daganbhuiyan pourasabha,,,103,0
69,69,2020-06-03 17:34:28,false,2020-06-03 17:34:28,d4815d5d-b806-4e00-9e94-fac4846421c0,50,ফেনী পৌরসভা,Feni pourasabha,,,104,0
70,70,2020-06-03 17:34:30,false,2020-06-03 17:34:30,e1775066-3216-4233-b1ad-6d8c85a778fa,65,পরশুরাম পৌরসভা,Parashuram pourasabha,,,106,0
71,71,2020-06-03 17:34:31,false,2020-06-03 17:34:31,7c124492-cb81-4e35-b32a-295edd2142ee,80,সোনাগাজী পৌরসভা,Sonagazi pourasabha,,,107,0
72,72,2020-06-03 17:34:32,false,2020-06-03 17:34:32,6c008eee-bc15-4537-8135-676d3f5f9537,50,খাগড়াছড়ি পৌরসভা,Khagrachhari pourasabha,,,110,0
73,73,2020-06-03 17:34:34,false,2020-06-03 17:34:34,343e7de7-0d1f-404b-80cd-6972afa54c0f,62,মাটিরাঙ্গা পৌরসভা,Matiranga pourasabha,,,113,0
74,74,2020-06-03 17:34:35,false,2020-06-03 17:34:35,26153a8e-336e-4aaa-9b62-daf1cce3fbef,75,রামগড় পৌরসভা,Ramgarh pourasabha,,,115,0
75,75,2020-06-03 17:34:38,false,2020-06-03 17:34:38,f90c2b13-01f5-4e64-bd97-e6617ecccc87,25,লক্ষ্মীপুর পৌরসভা,Lakshmipur pourasabha,,,117,0
76,76,2020-06-03 17:34:41,false,2020-06-03 17:34:41,2da91ca9-e1eb-41a7-99a3-b385bae08792,50,রায়পুর পৌরসভা,Raipur pourasabha,,,118,0
77,77,2020-06-03 17:34:43,false,2020-06-03 17:34:43,61b4b5a2-e09a-4747-8293-a486e70f1fb4,75,রামগঞ্জ পৌরসভা,Ramganj pourasabha,,,119,0
78,78,2020-06-03 17:34:44,false,2020-06-03 17:34:44,21133975-3477-42f2-9480-f23f69db9f47,87,রামগতি পৌরসভা,Ramgati pourasabha,,,120,0
79,79,2020-06-03 17:34:45,false,2020-06-03 17:34:45,b3b46696-22bc-4643-8f8e-beea0daf4eb1,33,চৌমুহনী পৌরসভা,Choumuhani pourasabha,,,121,0
80,80,2020-06-03 17:34:47,false,2020-06-03 17:34:47,4cfcca6e-978b-4a6b-82e7-6a8ad903a541,50,চাটখিল পৌরসভা,Chatkhil pourasabha,,,122,0
81,81,2020-06-03 17:34:48,false,2020-06-03 17:34:48,79b25433-8778-4158-8c74-e355f2396df1,16,বসুরহাট পৌরসভা,Basurhat pourasabha,,,123,0
82,82,2020-06-03 17:34:49,false,2020-06-03 17:34:49,b8b99db8-955a-4769-94c9-97eb1f82ce12,60,হাতিয়া পৌরসভা,Hatiya pourasabha,,,124,0
83,83,2020-06-03 17:34:50,false,2020-06-03 17:34:50,d64ae83c-b66f-443c-895f-30007742e478,66,কবিরহাট পৌরসভা,Kabirhat pourasabha,,,510,0
84,84,2020-06-03 17:34:51,false,2020-06-03 17:34:51,726c5006-09b2-4cb1-ab34-dc637d791942,75,সেনবাগ পৌরসভা,Senbag pourasabha,,,125,0
85,85,2020-06-03 17:34:53,false,2020-06-03 17:34:53,1acd7e5d-b07d-4722-aad7-1d1555a28d60,90,সোনাইমুড়ী পৌরসভা,Sonaimuri pourasabha,,,126,0
86,86,2020-06-03 17:34:55,false,2020-06-03 17:34:55,c8f15baa-3a9f-4f84-81aa-a683bd3333c7,83,নোয়াখালী পৌরসভা,Noakhali pourasabha,,,589,0
87,87,2020-06-03 17:34:56,false,2020-06-03 17:34:56,959cfdc8-6225-4f11-8e7d-ab3a03618d3b,20,বাঘাইছড়ি পৌরসভা,Baghaichhari pourasabha,,,129,0
88,88,2020-06-03 17:34:59,false,2020-06-03 17:34:59,e4525ca2-4ba6-4f94-9171-f33298ea1939,50,রাঙ্গামাটি পৌরসভা,Rangamati pourasabha,,,136,0
89,89,2020-06-03 17:35:01,false,2020-06-03 17:35:01,a3a91eaf-d4ce-4326-824a-5b841448fc15,40,ধামরাই পৌরসভা,Dhamrai pourasabha,,,149,0
90,90,2020-06-03 17:35:02,false,2020-06-03 17:35:02,ed21ce47-761a-42dd-aa7e-4817c76458d6,60,দোহার পৌরসভা,Dohar pourasabha,,,150,0
91,91,2020-06-03 17:35:06,false,2020-06-03 17:35:06,7ff1d514-7562-4336-b1dc-58fde41dcbba,80,সাভার পৌরসভা,Savar pourasabha,,,153,0
92,92,2020-06-03 17:35:39,false,2020-06-03 17:35:39,b808acf1-2e01-44ed-8b8d-6d02ac43eac4,10,আলফাডাঙ্গা পৌরসভা,Alfadanga pourasabha,,,154,0
93,93,2020-06-03 17:35:41,false,2020-06-03 17:35:41,409b6771-6098-4b89-8495-5b5365f6f762,20,ভাংগা পৌরসভা,Bhanga pourasabha,,,155,0
94,94,2020-06-03 17:35:42,false,2020-06-03 17:35:42,edf09d59-c13b-41ea-874a-f38069c06d56,40,বোয়ালমারী পৌরসভা,Boalmari pourasabha,,,156,0
95,95,2020-06-03 17:35:45,false,2020-06-03 17:35:45,3c67118f-fa73-4e34-9ab0-45275e79adab,60,ফরিদপুর পৌরসভা,Faridpur pourasabha,,,158,0
96,96,2020-06-03 17:35:48,false,2020-06-03 17:35:48,6c180644-506d-4985-8842-4fdc3cc52827,99,মধুখালী পৌরসভা,Madhukhali pourasabha,,,159,0
97,97,2020-06-03 17:35:50,false,2020-06-03 17:35:50,a66f44ca-9024-4c56-9c12-388d66df6150,80,নগরকান্দা পৌরসভা,Nagarkanda pourasabha,,,160,0
98,98,2020-06-03 17:35:55,false,2020-06-03 17:35:55,c9ed5b0b-55b2-4014-a11a-e7fd747a9c6a,44,কালিয়াকৈর পৌরসভা,Kaliakair pourasabha,,,164,0
99,99,2020-06-03 17:35:57,false,2020-06-03 17:35:57,fbe226d4-21d8-43ba-a573-e7f93c7a4f5b,49,কালীগঞ্জ পৌরসভা,Kaliganj pourasabha,,,165,0
100,100,2020-06-03 17:36:00,false,2020-06-03 17:36:00,bf58fff9-2996-44e4-a3fb-e954649c2ecf,55,শ্রীপুর পৌরসভা,Sreepur pourasabha,,,167,0
101,101,2020-06-03 17:36:11,false,2020-06-03 17:36:11,e55f6659-f8e5-4e16-8f72-ab1eda99305d,25,গোপালগঞ্জ পৌরসভা,Gopalganj pourasabha,,,168,0
102,102,2020-06-03 17:36:14,false,2020-06-03 17:36:14,1f2fd269-a904-4fb0-ad99-fc3d75328444,50,কোটালীপাড়া পৌরসভা,Kotalipara pourasabha,,,170,0
103,103,2020-06-03 17:36:17,false,2020-06-03 17:36:17,dffc65d8-e495-4e6f-8c65-48b2c1da724d,65,মুকসুদপুর পৌরসভা,Muksudpur pourasabha,,,171,0
104,104,2020-06-03 17:36:18,false,2020-06-03 17:36:18,7d730a47-f75e-46c7-8486-fbee802e0e00,75,টুঙ্গিপাড়া পৌরসভা,Tungipara pourasabha,,,172,0
105,105,2020-06-03 17:36:22,false,2020-06-03 17:36:22,80b1f542-b78e-48f0-bf03-c2b5040e85f0,25,বাজিতপুর পৌরসভা,Bajitpur pourasabha,,,181,0
106,106,2020-06-03 17:36:23,false,2020-06-03 17:36:23,1f9039f0-2d63-47e6-93d6-99a4042a9db2,50,ভৈরব পৌরসভা,Bhairab pourasabha,,,182,0
107,107,2020-06-03 17:36:25,false,2020-06-03 17:36:25,a597e79c-58a3-4334-af7d-4dad1db0f12a,62,হোসেনপুর পৌরসভা,Hossainpur pourasabha,,,183,0
108,108,2020-06-03 17:36:28,false,2020-06-03 17:36:28,4732c13a-5c17-44d4-b22c-8e53bf647ed5,66,করিমগঞ্জ পৌরসভা,Karimganj pourasabha,,,185,0
109,109,2020-06-03 17:36:30,false,2020-06-03 17:36:30,02a809ff-86f3-4bfb-be84-3d903a1ac747,70,কটিয়াদী পৌরসভা,Katiadi pourasabha,,,186,0
110,110,2020-06-03 17:36:33,false,2020-06-03 17:36:33,b9b522ee-8a8a-44d6-8332-415045f69985,75,কিশোরগঞ্জ পৌরসভা,Kishoreganj pourasabha,,,187,0
111,111,2020-06-03 17:36:34,false,2020-06-03 17:36:34,3db33537-bd56-4ad1-adb6-475f89af4f9d,88,কুলিয়ারচর পৌরসভা,Kuliarchar pourasabha,,,188,0
112,112,2020-06-03 17:36:38,false,2020-06-03 17:36:38,bf25b79d-5b2d-4314-90e0-5faf3f3e5735,92,পাকুন্দিয়া পৌরসভা,Pakundia pourasabha,,,191,0
113,113,2020-06-03 17:36:41,false,2020-06-03 17:36:41,69a7b8bf-d0ee-4863-8c56-67c06dc3244b,25,কালকিনি পৌরসভা,Kalkini pourasabha,,,193,0
114,114,2020-06-03 17:36:43,false,2020-06-03 17:36:43,0956f8b8-a805-496e-b28e-756084acca4b,50,মাদারীপুর পৌরসভা,Madaripur pourasabha,,,194,0
115,115,2020-06-03 17:36:45,false,2020-06-03 17:36:45,f1674517-5e70-4ef9-aa8d-2cd6547204ee,68,রাজৈর পৌরসভা,Rajoir pourasabha,,,195,0
116,116,2020-06-03 17:36:49,false,2020-06-03 17:36:49,d495ce35-a95a-453d-b80b-6b866244e4a0,75,শিবচর পৌরসভা,Shibchar pourasabha,,,196,0
117,117,2020-06-03 17:36:54,false,2020-06-03 17:36:54,0204341b-248d-4d19-943d-bc21bc17d5d9,50,মানিকগঞ্জ পৌরসভা,Manikganj pourasabha,,,200,0
118,118,2020-06-03 17:36:57,false,2020-06-03 17:36:57,04ad79fe-28b7-4e6d-b116-691d3f543807,87,সিংগাইর পৌরসভা,Singair pourasabha,,,203,0
119,119,2020-06-03 17:37:01,false,2020-06-03 17:37:01,8f918ec2-f67f-47db-8e15-0290ab4796eb,33,মিরকাদিম পৌরসভা,Mirkadim pourasabha,,,206,0
120,120,2020-06-03 17:37:02,false,2020-06-03 17:37:02,630289c7-38ca-40cd-9c62-dafa6b549bf1,66,মুন্সীগঞ্জ পৌরসভা,Munshiganj pourasabha,,,206,0
121,121,2020-06-03 17:37:10,false,2020-06-03 17:37:10,c3ce200b-9b2c-4cc5-82ab-9208e8aacf13,15,আড়াইহাজার পৌরসভা,Araihazar pourasabha,,,223,0
122,122,2020-06-03 17:37:11,false,2020-06-03 17:37:11,953ce68b-0d94-41b6-9770-31d515e815d5,35,গোপালদী পৌরসভা,Gopaldi pourasabha,,,223,0
123,123,2020-06-03 17:37:12,false,2020-06-03 17:37:12,3a8b9b77-8e2f-492f-a567-9a08b2b0de46,66,সোনারগাঁ পৌরসভা,Sonargaon pourasabha,,,224,0
124,124,2020-06-03 17:37:16,false,2020-06-03 17:37:16,322c41e8-412a-4e1f-9b5b-d1429bba0dac,33,কাঞ্চন পৌরসভা,Kanchan pourasabha,,,226,0
125,125,2020-06-03 17:37:17,false,2020-06-03 17:37:17,70fa965a-5238-448e-9f7c-694ca4f6fcde,77,তারাব পৌরসভা,Taraba pourasabha,,,226,0
126,126,2020-06-03 17:37:23,false,2020-06-03 17:37:23,40761743-efbb-45c2-843a-fc2edd0b630f,37,মনোহরদী পৌরসভা,Manohardi pourasabha,,,228,0
127,127,2020-06-03 17:37:27,false,2020-06-03 17:37:27,04162317-3e34-4b22-8b55-33c27d6656a7,25,মাধবদী পৌরসভা,Madhabdi pourasabha,,,645,0
128,128,2020-06-03 17:37:28,false,2020-06-03 17:37:28,c61c0367-1147-4c00-9c79-f98f004d6efa,50,নরসিংদী পৌরসভা,Narsingdi pourasabha,,,645,0
129,129,2020-06-03 17:37:29,false,2020-06-03 17:37:29,d0c64549-7b96-44c1-8a40-4e0f4c290e8b,15,ঘোড়াশাল পৌরসভা,Ghorashal pourasabha,,,230,0
130,130,2020-06-03 17:37:34,false,2020-06-03 17:37:34,e8b153eb-6a93-4e33-aa92-1acd96066af3,80,রায়পুরা পৌরসভা,Raipura pourasabha,,,231,0
131,131,2020-06-03 17:37:35,false,2020-06-03 17:37:35,342af6e0-31fd-4495-8c11-b603bcb05a0c,87,শিবপুর পৌরসভা,Shibpur pourasabha,,,232,0
132,132,2020-06-03 17:37:36,false,2020-06-03 17:37:36,f66873bf-aa30-423f-824c-1ac654e80ea0,22,গোয়ালন্দ পৌরসভা,Goalanda pourasabha,,,243,0
133,133,2020-06-03 17:37:40,false,2020-06-03 17:37:40,8f8231d8-a5ed-48be-b941-8ed662eee29a,33,পাংশা পৌরসভা,Pangsha pourasabha,,,245,0
134,134,2020-06-03 17:37:42,false,2020-06-03 17:37:42,de2eb2f8-237e-40bc-aaa8-a48f4aae638f,66,রাজবাড়ী পৌরসভা,Rajbari pourasabha,,,246,0
135,135,2020-06-03 17:37:45,false,2020-06-03 17:37:45,4b824c72-04cf-4645-b7d2-d7ce6414a468,16,ভেদরগঞ্জ পৌরসভা,Bhedarganj pourasabha,,,247,0
136,136,2020-06-03 17:37:46,false,2020-06-03 17:37:46,219bbbc6-69ad-4c38-833f-badc2a9d6b6f,33,ডামুড্যা পৌরসভা,Damudya pourasabha,,,248,0
137,137,2020-06-03 17:37:49,false,2020-06-03 17:37:49,fe6ffc41-c53b-439e-850f-6b633cb74b7a,40,গোসাইরহাট পৌরসভা,Gosairhat pourasabha,,,249,0
138,138,2020-06-03 17:37:51,false,2020-06-03 17:37:51,51f9931e-10dc-4f3d-9c78-1ac43490852c,50,নড়িয়া পৌরসভা,Naria pourasabha,,,250,0
139,139,2020-06-03 17:37:53,false,2020-06-03 17:37:53,31c39655-8db3-443a-80f9-bd8830e895d0,66,শরীয়তপুর পৌরসভা,Shariatpur pourasabha,,,251,0
140,140,2020-06-03 17:37:56,false,2020-06-03 17:37:56,f6d43239-512b-4f06-befb-4b8df12c072d,83,জাজিরা পৌরসভা,Zajira pourasabha,,,252,0
141,141,2020-06-03 17:37:57,false,2020-06-03 17:37:57,64bc6eca-e2cd-4638-8fd8-8078d667b990,8,বাসাইল পৌরসভা,Basail pourasabha,,,258,0
142,142,2020-06-03 17:38:01,false,2020-06-03 17:38:01,57a6dc8d-1139-4407-a53c-36a54de143ee,12,ভূঞাপুর পৌরসভা,Bhuanpur pourasabha,,,646,0
143,143,2020-06-03 17:38:03,false,2020-06-03 17:38:03,e4b616bd-4853-409b-9cff-eed0d4ea42ee,25,ধনবাড়ী পৌরসভা,Dhanbari pourasabha,,,261,0
144,144,2020-06-03 17:38:06,false,2020-06-03 17:38:06,87409343-629a-4c1c-97aa-0274ae4fd495,37,ঘাটাইল পৌরসভা,Ghatail pourasabha,,,262,0
145,145,2020-06-03 17:38:07,false,2020-06-03 17:38:07,5a9f65e7-8a2d-4d4a-8798-ecb2f62f589a,50,গোপালপুর পৌরসভা,Gopalpur pourasabha,,,263,0
146,146,2020-06-03 17:38:10,false,2020-06-03 17:38:10,0dc6e356-f3a2-4387-95bc-c7bdea97ec2c,30,এলেঙ্গা পৌরসভা,Elenga pourasabha,,,264,0
147,147,2020-06-03 17:38:12,false,2020-06-03 17:38:12,b0cd275c-9d77-423f-963e-2c35b43cbb74,62,কালিহাতি পৌরসভা,Kalihati pourasabha,,,264,0
148,148,2020-06-03 17:38:13,false,2020-06-03 17:38:13,d1a03bde-c820-4e7e-807a-2691cef4b504,75,মধুপুর পৌরসভা,Madhupur pourasabha,,,265,0
149,149,2020-06-03 17:38:15,false,2020-06-03 17:38:15,24b2e587-c0db-4908-8f9a-05923ce46982,70,মির্জাপুর পৌরসভা,Mirzapur pourasabha,,,266,0
150,150,2020-06-03 17:38:18,false,2020-06-03 17:38:18,0aa8e5a5-7d1e-4611-a2d6-98dc1d469b6a,80,সখিপুর পৌরসভা,Sakhipur pourasabha,,,268,0
151,151,2020-06-03 17:38:21,false,2020-06-03 17:38:21,f8931e49-3cb0-4a49-8230-437aaae3297c,87,টাঙ্গাইল পৌরসভা,Tangail pourasabha,,,269,0
152,152,2020-06-03 17:38:24,false,2020-06-03 17:38:24,cc331ce6-4458-4f0c-8ffe-18b9d8fdee94,25,বাগেরহাট পৌরসভা,Bagerhat pourasabha,,,493,0
153,153,2020-06-03 17:38:30,false,2020-06-03 17:38:30,86d61bce-e29b-46d5-82b8-259947832a81,50,মোংলা পৌরসভা,Mongla pourasabha,,,274,0
154,154,2020-06-03 17:38:34,false,2020-06-03 17:38:34,0379c830-4215-40d9-a69e-79b2370aff14,75,মোরেলগঞ্জ পৌরসভা,Morelganj pourasabha,,,647,0
155,155,2020-06-03 17:38:43,false,2020-06-03 17:38:43,f9b88594-5b36-454e-a8d5-c888bfb63497,20,আলমডাঙ্গা পৌরসভা,Alamdanga pourasabha,,,278,0
156,156,2020-06-03 17:38:46,false,2020-06-03 17:38:46,9dca1e30-3644-45b7-965d-8072e8063b6f,40,চুয়াডাঙ্গা পৌরসভা,Chuadanga pourasabha,,,279,0
157,157,2020-06-03 17:38:50,false,2020-06-03 17:38:50,671572c1-a6fc-4400-b5dd-c629a0836308,60,দর্শনা পৌরসভা,Darshana pourasabha,,,280,0
158,158,2020-06-03 17:38:53,false,2020-06-03 17:38:53,659d678a-7b91-4938-aabb-4352aa5f59cc,80,জীবন নগর পৌরসভা,Jibannagar pourasabha,,,281,0
159,159,2020-06-03 17:38:57,false,2020-06-03 17:38:57,b647624c-32ed-4920-8349-574e061fbfed,83,নওয়াপাড়া পৌরসভা,Noapara pourasabha,,,282,0
160,160,2020-06-03 17:39:02,false,2020-06-03 17:39:02,916d2fd9-21a2-42be-b726-57b0679ff808,5,বাঘারপাড়া পৌরসভা,Bagharpara pourasabha,,,283,0
161,161,2020-06-03 17:39:06,false,2020-06-03 17:39:06,a562395a-0625-4d45-9e05-8ed4b9c88943,13,চৌগাছা পৌরসভা,Chaugachha pourasabha,,,284,0
162,162,2020-06-03 17:39:10,false,2020-06-03 17:39:10,416f3a15-9dbd-4151-822a-34129c27563c,33,ঝিকরগাছা পৌরসভা,Jhikargachha pourasabha,,,285,0
163,163,2020-06-03 17:39:14,false,2020-06-03 17:39:14,29a2142e-40bb-49cd-90e4-8231c935fb7c,37,কেশবপুর পৌরসভা,Keshabpur pourasabha,,,286,0
164,164,2020-06-03 17:39:19,false,2020-06-03 17:39:19,bf9d5126-7703-4d78-a973-73ecfbd5e27a,16,যশোর পৌরসভা,Jashore pourasabha,,,287,0
165,165,2020-06-03 17:39:25,false,2020-06-03 17:39:25,26b1fe50-9846-4452-8267-78d20e703b38,66,মণিরামপুর পৌরসভা,Manirampur pourasabha,,,288,0
166,166,2020-06-03 17:39:29,false,2020-06-03 17:39:29,8cf037bc-abb3-4e57-a137-0dd4cc248f2b,8,বেনাপোল পৌরসভা,Benapole pourasabha,,,289,0
167,167,2020-06-03 17:39:32,false,2020-06-03 17:39:32,239ceb04-20e6-40a4-aea9-32d337bc97e0,12,হরিণাকুণ্ডু পৌরসভা,Harinakundu pourasabha,,,648,0
168,168,2020-06-03 17:39:37,false,2020-06-03 17:39:37,dc429701-866c-4e60-b8f5-ee85a2a4a6c2,16,ঝিনাইদহ পৌরসভা,Jhenaidah pourasabha,,,291,0
169,169,2020-06-03 17:39:39,false,2020-06-03 17:39:39,c0a2c08e-a5ea-44bd-bda4-29b0dc4fc53c,32,কালীগঞ্জ পৌরসভা,Kaliganj pourasabha,,,292,0
170,170,2020-06-03 17:39:40,false,2020-06-03 17:39:40,01f2db0c-e1cd-40f3-9530-5f67b44af5c4,50,কোটচাঁদপুর পৌরসভা,Kotchandpur pourasabha,,,293,0
171,171,2020-06-03 17:39:42,false,2020-06-03 17:39:42,df139fb7-2932-417a-9063-300fe927e2ab,66,মহেশপুর পৌরসভা,Maheshpur pourasabha,,,294,0
172,172,2020-06-03 17:39:45,false,2020-06-03 17:39:45,2a0e585b-aaab-46fe-8a46-9939c0490445,83,শৈলকুপা পৌরসভা,Shailkupa pourasabha,,,295,0
173,173,2020-06-03 17:39:48,false,2020-06-03 17:39:48,67bf2527-da6a-41f5-83b5-06bb92dca0d8,22,চালনা পৌরসভা,Chalna pourasabha,,,297,0
174,174,2020-06-03 17:39:53,false,2020-06-03 17:39:53,6bcdcc06-0435-42d1-a4f5-72c288c0578c,66,পাইকগাছা পৌরসভা,Paikgachha pourasabha,,,300,0
175,175,2020-06-03 17:40:01,false,2020-06-03 17:40:01,f725f7e5-023f-4445-827d-c7e06fb8dac8,20,ভেড়ামারা পৌরসভা,Bheramara pourasabha,,,305,0
176,176,2020-06-03 17:40:04,false,2020-06-03 17:40:04,7e3e8893-f789-4c36-81e0-dfef924cb1c5,30,খোকসা পৌরসভা,Khoksa pourasabha,,,307,0
177,177,2020-06-03 17:40:07,false,2020-06-03 17:40:07,ac303867-ec66-4b59-ac37-80f3d9b13299,40,কুমারখালী পৌরসভা,Kumarkhali pourasabha,,,308,0
178,178,2020-06-03 17:40:10,false,2020-06-03 17:40:10,53eb15aa-8993-4754-84eb-fd53904993b3,60,কুষ্টিয়া পৌরসভা,Kushtia pourasabha,,,309,0
179,179,2020-06-03 17:40:14,false,2020-06-03 17:40:14,8f8ea7d5-d1f7-47a5-8ea2-4ec08709a607,80,মিরপুর পৌরসভা,Mirpur pourasabha,,,310,0
180,180,2020-06-03 17:40:16,false,2020-06-03 17:40:16,331cd7a7-9891-4dc7-8c93-0801df879d55,50,মাগুরা পৌরসভা,Magura pourasabha,,,311,0
181,181,2020-06-03 17:40:21,false,2020-06-03 17:40:21,02a3ee05-d13c-40b1-afa5-e319e779c719,22,গাংনী পৌরসভা,Gangni pourasabha,,,315,0
182,182,2020-06-03 17:40:23,false,2020-06-03 17:40:23,a5924091-28a0-4e02-805f-438a8422653b,33,মেহেরপুর পৌরসভা,Meherpur pourasabha,,,317,0
183,183,2020-06-03 17:40:25,false,2020-06-03 17:40:25,080d7480-4e82-42ac-8330-932b7111ebc7,33,কালিয়া পৌরসভা,Kalia pourasabha,,,318,0
184,184,2020-06-03 17:40:27,false,2020-06-03 17:40:27,d79abd7e-3e94-4c50-8f73-5e087a1b6214,44,লোহাগড়া পৌরসভা,Lohagara pourasabha,,,319,0
185,185,2020-06-03 17:40:30,false,2020-06-03 17:40:30,ad476501-76e9-41f9-af10-12f5dbc6ded2,66,নড়াইল পৌরসভা,Narail pourasabha,,,320,0
186,186,2020-06-03 17:40:33,false,2020-06-03 17:40:33,466e8f3c-5f90-411e-a157-3c3d9bda897b,33,কলারোয়া পৌরসভা,Kalaroa pourasabha,,,323,0
187,187,2020-06-03 17:40:36,false,2020-06-03 17:40:36,7a7eb50d-2412-4e9e-b194-5932b2e64d2e,66,সাতক্ষীরা পৌরসভা,Satkhira pourasabha,,,325,0
188,188,2020-06-03 17:40:41,false,2020-06-03 17:40:41,fd17a0f6-6b14-4e9e-81df-bef7b5259254,11,বকশীগঞ্জ পৌরসভা,Bakshiganj pourasabha,,,173,0
189,189,2020-06-03 17:40:43,false,2020-06-03 17:40:43,f575c62a-4e37-48c9-8d4f-6df3e574db99,16,দেওয়ানগঞ্জ পৌরসভা,Dewanganj pourasabha,,,174,0
190,190,2020-06-03 17:40:45,false,2020-06-03 17:40:45,7b1df95e-bdaf-4b4d-850b-bfbce9199a44,33,ইসলামপুর পৌরসভা,Islampur pourashava,,,175,0
191,191,2020-06-03 17:40:47,false,2020-06-03 17:40:47,6f978fd5-428a-4bac-bdaf-4a13d2452171,50,জামালপুর পৌরসভা,Jamalpur pourasabha,,,176,0
192,192,2020-06-03 17:40:51,false,2020-06-03 17:40:51,42712a05-7dc3-4637-9395-76191e4975ae,60,মাদারগঞ্জ পৌরসভা,Madarganj pourasabha,,,177,0
193,193,2020-06-03 17:40:52,false,2020-06-03 17:40:52,dff4f5df-0f45-43c2-bb75-b708d5672ce7,67,মেলান্দহ পৌরসভা,Melandaha pourasabha,,,178,0
194,194,2020-06-03 17:40:54,false,2020-06-03 17:40:54,7e33690a-3ff9-4c82-aa5b-b140a5da083f,83,সরিষাবাড়ী পৌরসভা,Sarishabari pourasabha,,,179,0
195,195,2020-06-03 17:40:56,false,2020-06-03 17:40:56,bd3a4c1f-0ff0-4dab-a432-4254d236d802,11,ভালুকা পৌরসভা,Bhaluka pourasabha,,,210,0
196,196,2020-06-03 17:40:59,false,2020-06-03 17:40:59,0380f778-a75f-4fe9-9a43-499ab07eec5d,18,ফুলবাড়িয়া পৌরসভা,Fulbaria pourasabha,,,212,0
197,197,2020-06-03 17:41:02,false,2020-06-03 17:41:02,e418daf9-376f-4038-814a-b1ff472f8e3e,22,গফরগাঁও পৌরসভা,Gafargaon pourasabha,,,213,0
198,198,2020-06-03 17:41:03,false,2020-06-03 17:41:03,5a4591dc-383e-415f-9180-b87facaac005,33,গৌরীপুর পৌরসভা,Gouripur pourasabha,,,214,0
199,199,2020-06-03 17:41:06,false,2020-06-03 17:41:06,6d9578f2-a1b0-4f43-bb06-7f623c708576,45,হালুয়াঘাট পৌরসভা,Haluaghat pourasabha,,,215,0
200,200,2020-06-03 17:41:08,false,2020-06-03 17:41:08,11c5bfee-f88e-4c0c-ad2d-5f3969612ae4,44,ঈশ্বরগঞ্জ পৌরসভা,Ishwarganj pourasabha,,,216,0
201,201,2020-06-03 17:41:11,false,2020-06-03 17:41:11,b8c0fed9-a6c4-484b-9b92-e403e352b469,55,ময়মনসিংহ পৌরসভা,Mymensingh pourasabha,,,217,0
202,202,2020-06-03 17:41:14,false,2020-06-03 17:41:14,94f5c61b-0d2a-4ac0-a3fe-52d866855e2f,66,মুক্তাগাছা পৌরসভা,Muktagachha pourasabha,,,218,0
203,203,2020-06-03 17:41:17,false,2020-06-03 17:41:17,bf1d013f-6a51-4e05-b255-1d6a415d4d8f,77,নান্দাইল পৌরসভা,Nandail pourasabha,,,219,0
204,204,2020-06-03 17:41:20,false,2020-06-03 17:41:20,5f1246ce-a496-4e84-8f90-bc8b65a01f46,83,ফুলপুর পৌরসভা,Fulpur pourasabha,,,220,0
205,205,2020-06-03 17:41:23,false,2020-06-03 17:41:23,2c690c04-5572-4ebc-8abf-3ad31cc65655,88,ত্রিশাল পৌরসভা,Trishal pourasabha,,,222,0
206,206,2020-06-03 17:41:28,false,2020-06-03 17:41:28,1c32855e-cabb-4d60-9449-5a377ed444be,20,দুর্গাপুর পৌরসভা,Durgapur pourasabha,,,235,0
207,207,2020-06-03 17:41:33,false,2020-06-03 17:41:33,1931a82b-034d-4580-bb5c-758f4ff32236,40,কেন্দুয়া পৌরসভা,Kendua pourasabha,,,238,0
208,208,2020-06-03 17:41:34,false,2020-06-03 17:41:34,7a23d3c3-1908-4468-a48c-6da7174545d3,50,মদন পৌরসভা,Madan pourasabha,,,239,0
209,209,2020-06-03 17:41:36,false,2020-06-03 17:41:36,dd52533e-a2fe-4fa4-81a1-b0e59896ed58,60,মোহনগঞ্জ পৌরসভা,Mohanganj pourasabha,,,240,0
210,210,2020-06-03 17:41:39,false,2020-06-03 17:41:39,5564543b-4589-4ac9-b6ef-7c3a4cd6e18b,80,নেত্রকোনা পৌরসভা,Netrakona pourasabha,,,655,0
211,211,2020-06-03 17:41:44,false,2020-06-03 17:41:44,257f6827-cdd6-4198-880b-b176cf961614,22,নকলা পৌরসভা,Nakla pourasabha,,,254,0
212,212,2020-06-03 17:41:46,false,2020-06-03 17:41:46,81da2501-f0eb-4daf-b0cf-e59a67adbad6,33,নালিতাবাড়ী পৌরসভা,Nalitabari pourasabha,,,255,0
213,213,2020-06-03 17:41:50,false,2020-06-03 17:41:50,b04714d2-b0ad-4449-a3d4-b175101aaac0,66,শেরপুর পৌরসভা,Sherpur pourasabha,,,256,0
214,214,2020-06-03 17:41:52,false,2020-06-03 17:41:52,c35510d0-0654-47e5-bb9b-878241536c2a,77,শ্রীবরদী পৌরসভা,Sreebardi pourasabha,,,257,0
215,215,2020-06-03 17:41:55,false,2020-06-03 17:41:55,30ba7fad-b6fb-49f8-9b74-488a90ed8e19,50,সান্তাহার পৌরসভা,Santahar pourasabha,,,328,0
216,216,2020-06-03 17:41:57,false,2020-06-03 17:41:57,cd8b0a21-c292-4cb7-a1cf-493c54e7bb45,20,বগুড়া পৌরসভা,Bogra pourasabha,,,656,0
217,217,2020-06-03 17:42:01,false,2020-06-03 17:42:01,c74cd25f-da10-47bc-80ef-d976a8afe522,30,ধুনট পৌরসভা,Dhunat pourasabha,,,330,0
218,218,2020-06-03 17:42:03,false,2020-06-03 17:42:03,e01acbe3-05e9-4b0a-b1bb-e6f441560865,37,দুপচাচিয়া পৌরসভা,Dupchachia pourasabha,,,331,0
219,219,2020-06-03 17:42:04,false,2020-06-03 17:42:04,7de44ab2-7869-428a-b0c2-8fd6a5d823f5,70,তালোড়া পৌরসভা,Talora pourasabha,,,331,0
220,220,2020-06-03 17:42:07,false,2020-06-03 17:42:07,f3ccd224-fc42-4ce2-a961-4411753ef8ad,40,গাবতলি পৌরসভা,Gabtali pourasabha,,,332,0
221,221,2020-06-03 17:42:09,false,2020-06-03 17:42:09,77e861f6-4798-4d7f-bdcf-be8169412061,42,কাহালু পৌরসভা,Kahaloo pourasabha,,,333,0
222,222,2020-06-03 17:42:12,false,2020-06-03 17:42:12,4a213631-871b-4756-add4-3ef887a7f4d6,45,নন্দিগ্রাম পৌরসভা,Nandigram pourasabha,,,334,0
223,223,2020-06-03 17:42:14,false,2020-06-03 17:42:14,bb6b0fe4-2418-4436-9ccf-280845507f36,65,সারিয়াকান্দি পৌরসভা,Sariakandi pourasabha,,,335,0
224,224,2020-06-03 17:42:17,false,2020-06-03 17:42:17,207bc906-26f8-4a3c-ba5c-5eacc2549e83,20,বগুড়া পৌরসভা,Bogra pourasabha,,,336,0
225,225,2020-06-03 17:42:18,false,2020-06-03 17:42:18,a70c594b-e91d-4da0-b3bd-0e2e8d5f87fe,75,শেরপুর পৌরসভা,Sherpur pourasabha,,,337,0
226,226,2020-06-03 17:42:21,false,2020-06-03 17:42:21,0a86ba34-7ad4-46bc-ad3e-bc81f91c8fc0,82,শিবগঞ্জ পৌরসভা,Shibganj pourasabha,,,338,0
227,227,2020-06-03 17:42:23,false,2020-06-03 17:42:23,36fe5203-8b64-48cc-af8e-bce7890ff38b,87,সোনাতলা পৌরসভা,Sonatala pourasabha,,,339,0
228,228,2020-06-03 17:42:25,false,2020-06-03 17:42:25,cbb63d38-862d-4243-96bd-1f80ac68ef4d,25,আক্কেলপুর পৌরসভা,Akkelpur pourasabha,,,340,0
229,229,2020-06-03 17:42:28,false,2020-06-03 17:42:28,cf135466-adcc-4d54-a2b3-313dd1efbfa9,50,জয়পুরহাট পৌরসভা,Joypurhat pourasabha,,,341,0
230,230,2020-06-03 17:42:29,false,2020-06-03 17:42:29,fdcf3a73-22de-429c-a773-fc52e5f44b75,60,কালাই পৌরসভা,Kalai pourasabha,,,342,0
231,231,2020-06-03 17:42:31,false,2020-06-03 17:42:31,a2ea4de6-b993-404e-8749-e3dac2f84a7d,67,ক্ষেতলাল পৌরসভা,Khetlal pourasabha,,,491,0
232,232,2020-06-03 17:42:34,false,2020-06-03 17:42:34,d947119b-1ae2-49de-af0e-e50f462691d0,75,পাঁচবিবি পৌরসভা,Panchbibi pourasabha,,,504,0
233,233,2020-06-03 17:42:37,false,2020-06-03 17:42:37,35ae6ce6-8243-4faa-8587-03f87ebbcd03,30,ধামইরহাট পৌরসভা,Dhamoirhat pourasabha,,,344,0
234,234,2020-06-03 17:42:42,false,2020-06-03 17:42:42,320a99be-3d98-462e-9e93-f681b5f6c731,50,নওগাঁ পৌরসভা,Naogaon pourasabha,,,347,0
235,235,2020-06-03 17:42:46,false,2020-06-03 17:42:46,d853b536-7ae7-4ce8-a25d-c4bccc05cdca,70,নজিপুর পৌরসভা,Nazipur pourasabha,,,349,0
236,236,2020-06-03 17:42:51,false,2020-06-03 17:42:51,a055ad14-3bda-44be-8f79-2b738f619586,21,বাগাতিপাড়া পৌরসভা,Bagatipara pourasabha,,,354,0
237,237,2020-06-03 17:42:53,false,2020-06-03 17:42:53,8832db8d-6865-44ce-ab88-61b48f968241,25,বনপাড়া পৌরসভা,Banpara pourasabha,,,355,0
238,238,2020-06-03 17:42:56,false,2020-06-03 17:42:56,5ef84c9f-69c1-4faf-b03a-4f496a2f5c06,31,বড়ইগ্রাম পৌরসভা,Baraigram pourasabha,,,355,0
239,239,2020-06-03 17:42:57,false,2020-06-03 17:42:57,1bad640e-38dc-4787-a4d9-9c2851e96af2,40,গুরুদাসপুর পৌরসভা,Gurudaspur pourasabha,,,356,0
240,240,2020-06-03 17:42:59,false,2020-06-03 17:42:59,443cc48f-da90-4c49-b6fb-29f1489f8bdb,35,গোপালপুর (লালপুর) পৌরসভা,Gopalpur (lalpur) pourasabha,,,357,0
241,241,2020-06-03 17:43:02,false,2020-06-03 17:43:02,af23140b-aded-4fd0-aa6a-8208af85e40d,45,নলডাঙ্গা পৌরসভা,Naldanga pourasabha,,,511,0
242,242,2020-06-03 17:43:04,false,2020-06-03 17:43:04,61ab2b13-0202-4b39-8b47-9f85a89bbaa1,50,নাটোর পৌরসভা,Natore pourasabha,,,358,0
243,243,2020-06-03 17:43:07,false,2020-06-03 17:43:07,6efe7191-87b4-4180-97f0-45bb175301a9,75,সিংড়া পৌরসভা,Singra pourasabha,,,359,0
244,244,2020-06-03 17:43:10,false,2020-06-03 17:43:10,bc95c8e1-93bd-41f5-8052-a68171f2a989,44,রহণপুর পৌরসভা,Rahanpur pourosabha,,,361,0
245,245,2020-06-03 17:43:13,false,2020-06-03 17:43:13,cb81e52f-b4b3-4b5f-8012-a2dd261c8209,22,নাচোল পৌরসভা,Nachole pourasabha,,,362,0
246,246,2020-06-03 17:43:14,false,2020-06-03 17:43:14,aa78553f-4bb9-4892-9da9-a58caad73b10,33,চাঁপাইনবাবগঞ্জ পৌরসভা,Chapainawabganj pourasabha,,,657,0
247,247,2020-06-03 17:43:19,false,2020-06-03 17:43:19,33810680-1f0d-4fdc-9704-fd619bc531b2,66,শিবগঞ্জ পৌরসভা,Shibganj pourasabha,,,364,0
248,248,2020-06-03 17:43:20,false,2020-06-03 17:43:20,c62806e5-7dd5-439f-984e-771135b57e54,8,আটঘরিয়া পৌরসভা,Atgharia pourasabha,,,365,0
249,249,2020-06-03 17:43:21,false,2020-06-03 17:43:21,7efc6a90-8c24-4a75-9c6c-a9aa1255fdfe,12,বেড়া পৌরসভা,Bera pourasabha,,,366,0
250,250,2020-06-03 17:43:22,false,2020-06-03 17:43:22,2eea9d16-bb6b-4b8a-90e3-654af63ad520,18,ভাঙ্গুড়া পৌরসভা,Bhangura pourasabha,,,367,0
251,251,2020-06-03 17:43:23,false,2020-06-03 17:43:23,bdef2acd-523a-474e-8538-7a9c405d121b,25,চাটমোহর পৌরসভা,Chatmohar pourasabha,,,368,0
252,252,2020-06-03 17:43:25,false,2020-06-03 17:43:25,73f13a37-9484-4d4c-866b-90d1ce12a4ff,37,ফরিদপুর পৌরসভা,Faridpur pourasabha,,,369,0
253,253,2020-06-03 17:43:26,false,2020-06-03 17:43:26,58dee2a2-d15a-4b0b-ac13-8979f119f7ff,50,ঈশ্বরদী পৌরসভা,Ishwardi pourasabha,,,370,0
254,254,2020-06-03 17:43:27,false,2020-06-03 17:43:27,c710f6d8-ad57-4fff-999e-3357c003e935,62,পাবনা পৌরসভা,Pabna pourasabha,,,371,0
255,255,2020-06-03 17:43:29,false,2020-06-03 17:43:29,d92224e3-f884-4d07-a114-d4dd54580a94,75,সাঁথিয়া পৌরসভা,Santhia pourasabha,,,372,0
256,256,2020-06-03 17:43:30,false,2020-06-03 17:43:30,7438c5c8-ea09-49dd-a916-8b09d974f223,87,সুজানগর পৌরসভা,Sujanagar pourasabha,,,373,0
257,257,2020-06-03 17:43:32,false,2020-06-03 17:43:32,ec52b6de-4c58-4949-ad8d-1643aad0abee,8,আড়ানী পৌরসভা,Arani pourasabha,,,374,0
258,258,2020-06-03 17:43:32,false,2020-06-03 17:43:32,64bb8d14-115f-4c54-933c-c46640ed766a,16,বাঘা পৌরসভা,Bagha pourasabha,,,374,0
259,259,2020-06-03 17:43:34,false,2020-06-03 17:43:34,0405336a-61be-4b9a-b635-e3c276fccc69,25,ভবানীগঞ্জ পৌরসভা,Bhabaniganj pourasabha,,,375,0
260,260,2020-06-03 17:43:35,false,2020-06-03 17:43:35,5d84a4e0-d9f8-461e-b387-18362bf69da6,85,তাহেরপুর পৌরসভা,Taherpur pourasabha,,,375,0
261,261,2020-06-03 17:43:36,false,2020-06-03 17:43:36,58c460d3-8d60-49d3-b24c-9e5be649d79b,33,চারঘাট পৌরসভা,Charghat pourasabha,,,376,0
262,262,2020-06-03 17:43:37,false,2020-06-03 17:43:37,c61075e0-91d7-462b-a18f-ff37b1fb0c11,43,দুর্গাপুর পৌরসভা,Durgapur pourasabha,,,377,0
263,263,2020-06-03 17:43:39,false,2020-06-03 17:43:39,53b5d9e8-a25a-40b8-be5d-c858a144e099,50,গোদাগাড়ী পৌরসভা,Godagari pourasabha,,,378,0
264,264,2020-06-03 17:43:39,false,2020-06-03 17:43:39,e51cb7f7-80a7-41d4-9ef1-4457b3ab1034,55,কাকনহাট পৌরসভা,Kakanhat pourasabha,,,378,0
265,265,2020-06-03 17:43:41,false,2020-06-03 17:43:41,2227f38f-9c50-4b82-8113-c1f2eed30477,65,কেশরহাট পৌরসভা,Kesharhat pourasabha,,,379,0
266,266,2020-06-03 17:43:43,false,2020-06-03 17:43:43,8668891f-a750-4d4d-9e92-6ed94d83e3d7,60,কাটাখালী পৌরসভা,Katakhali pourasabha,,,380,0
267,267,2020-06-03 17:43:44,false,2020-06-03 17:43:44,fe29190e-00d1-4cc2-80cf-91c6f19b69cb,75,নওহাটা পৌরসভা,Naohata pourasabha,,,380,0
268,268,2020-06-03 17:43:45,false,2020-06-03 17:43:45,3c6c49cd-d5d6-442f-b288-a73bd4146a26,80,পুঠিয়া পৌরসভা,Puthia pourasabha,,,381,0
269,269,2020-06-03 17:43:47,false,2020-06-03 17:43:47,71785a01-cd0d-4e3d-9ffd-36a4eee562d0,70,মুণ্ডুমালা পৌরসভা,Mundumala pourasabha,,,382,0
270,270,2020-06-03 17:43:47,false,2020-06-03 17:43:47,30b46ec0-1093-4f05-a0f4-a1a1ea782d30,83,তানোর পৌরসভা,Tanore pourasabha,,,382,0
271,271,2020-06-03 17:43:51,false,2020-06-03 17:43:51,1917caa1-bcd2-4e0f-86bb-e93de9867569,16,বেলকুচি পৌরসভা,Belkuchi pourasabha,,,383,0
272,272,2020-06-03 17:43:53,false,2020-06-03 17:43:53,af11e6a5-9d00-4fa2-8bce-bed6bf847cd2,20,কাজিপুর পৌরসভা,Kazipur pourasabha,,,386,0
273,273,2020-06-03 17:43:55,false,2020-06-03 17:43:55,32b14908-9247-4195-a4aa-61f96d8b0b75,23,রায়গঞ্জ পৌরসভা,Rayganj pourasabha,,,663,0
274,274,2020-06-03 17:43:56,false,2020-06-03 17:43:56,310725c7-a35c-41ef-a6fd-34bef4888eb9,25,শাহজাদপুর পৌরসভা,Shahjadpur pourasabha,,,388,0
275,275,2020-06-03 17:43:58,false,2020-06-03 17:43:58,c41de23d-046c-460c-a731-0ca049de8f09,50,সিরাজগঞ্জ পৌরসভা,Sirajganj pourasabha,,,389,0
276,276,2020-06-03 17:44:00,false,2020-06-03 17:44:00,68ac18f6-6f0b-40a5-8b12-67d3e4c0bd8c,75,উল্লাপাড়া পৌরসভা,Ullapara pourasabha,,,664,0
277,277,2020-06-03 17:44:02,false,2020-06-03 17:44:02,e803a9d1-b515-4258-ab8c-95adcca5c85b,12,বিরামপুর পৌরসভা,Birampur pourasabha,,,392,0
278,278,2020-06-03 17:44:03,false,2020-06-03 17:44:03,fed8a78c-d53e-45d8-81cd-ad44e32d1647,18,বীরগঞ্জ পৌরসভা,Birganj pourasabha,,,393,0
279,279,2020-06-03 17:44:05,false,2020-06-03 17:44:05,86a7ddbf-eadb-4658-9508-af0f801d4c8e,16,বিরল পৌরসভা,Birol pourasabha,,,394,0
280,280,2020-06-03 17:44:06,false,2020-06-03 17:44:06,7560508a-8c1b-4819-8864-b1216c045ae3,85,সেতাবগঞ্জ পৌরসভা,Setabganj pourasabha,,,395,0
281,281,2020-06-03 17:44:08,false,2020-06-03 17:44:08,b52b0d16-a4f6-4c7e-b4da-3b634b195bd1,42,ফুলবাড়ী পৌরসভা,Fulbari pourasabha,,,397,0
282,282,2020-06-03 17:44:09,false,2020-06-03 17:44:09,82882cb1-b345-409f-aded-7d5aea4555fa,53,ঘোড়াঘাট পৌরসভা,Ghoraghat pourasabha,,,398,0
283,283,2020-06-03 17:44:10,false,2020-06-03 17:44:10,d9bba6d7-31ed-4ab8-b8a4-2342b1254e04,57,হাকিমপুর পৌরসভা,Hakimpur pourasabha,,,399,0
284,284,2020-06-03 17:44:12,false,2020-06-03 17:44:12,c204f3f0-e077-4def-9f22-22e1f9f25f3c,28,দিনাজপুর পৌরসভা,Dinajpur pourasabha,,,404,0
285,285,2020-06-03 17:44:14,false,2020-06-03 17:44:14,306ae14a-4baa-4352-a0cf-405789d05b7f,71,পার্বতীপুর পৌরসভা,Parbatipur pourasabha,,,403,0
286,286,2020-06-03 17:44:16,false,2020-06-03 17:44:16,0f61cd75-c3af-40bc-ae2e-583d82e80421,22,গাইবান্ধা পৌরসভা,Gaibandha pourasabha,,,406,0
287,287,2020-06-03 17:44:18,false,2020-06-03 17:44:18,a9333754-befa-48e5-bda8-ecdaba2ed451,33,গোবিন্দগঞ্জ পৌরসভা,Gobindaganj pourasabha,,,407,0
288,288,2020-06-03 17:44:21,false,2020-06-03 17:44:21,d4fc5e94-e74a-40d2-80b6-a8e65d499ad8,77,সুন্দরগঞ্জ পৌরসভা,Sundarganj pourasabha,,,411,0
289,289,2020-06-03 17:44:24,false,2020-06-03 17:44:24,e62a44f3-bcaa-4abf-bcfe-7d7c73d33ac3,33,কুড়িগ্রাম পৌরসভা,Kurigram pourasabha,,,416,0
290,290,2020-06-03 17:44:25,false,2020-06-03 17:44:25,eeb7a974-99cb-4384-bcb8-25eb9a228588,55,নাগেশ্বরী পৌরসভা,Nageshwari pourasabha,,,417,0
291,291,2020-06-03 17:44:27,false,2020-06-03 17:44:27,8415c5ac-5f75-4b27-8695-5dc6858bbd2d,66,উলিপুর পৌরসভা,Ulipur pourasabha,,,420,0
292,292,2020-06-03 17:44:30,false,2020-06-03 17:44:30,80cf7f75-b4a3-402c-9fb8-b1c487c4a317,33,লালমনিরহাট পৌরসভা,Lalmonirhat pourasabha,,,424,0
293,293,2020-06-03 17:44:31,false,2020-06-03 17:44:31,b31d827e-be9d-49d6-ac04-933981c8ef4d,66,পাটগ্রাম পৌরসভা,Patgram pourasabha,,,425,0
294,294,2020-06-03 17:44:33,false,2020-06-03 17:44:33,b66f5d39-8e97-4473-b162-2808dda396ae,25,ডোমার পৌরসভা,Domar pourasabha,,,665,0
295,295,2020-06-03 17:44:34,false,2020-06-03 17:44:34,35c4eed8-6db6-409d-87b6-6b86b77088cd,37,জলঢাকা পৌরসভা,Jaldhaka pourasabha,,,427,0
296,296,2020-06-03 17:44:36,false,2020-06-03 17:44:36,b238593e-3221-4f4e-b9c9-02f6714ff0df,50,নীলফামারী পৌরসভা,Nilphamari pourasabha,,,429,0
297,297,2020-06-03 17:44:37,false,2020-06-03 17:44:37,ef631f8d-941c-4724-ad01-9f2571016ae1,75,সৈয়দপুর পৌরসভা,Saidpur pourasabha,,,666,0
298,298,2020-06-03 17:44:39,false,2020-06-03 17:44:39,0099719b-a7ef-480b-82b7-6087087e00d4,20,বোদা পৌরসভা,Boda pourasabha,,,433,0
299,299,2020-06-03 17:44:41,false,2020-06-03 17:44:41,dee818d7-bef1-4ccf-a7d2-b7c1c1eb4e22,50,পঞ্চগড় পৌরসভা,Panchagarh pourasabha,,,435,0
300,300,2020-06-03 17:44:43,false,2020-06-03 17:44:43,64625fce-705e-4bda-9bf3-337ae897f18b,13,বদরগঞ্জ পৌরসভা,Badarganj pourasabha,,,437,0
301,301,2020-06-03 17:44:44,false,2020-06-03 17:44:44,2a16d68c-2b36-43d8-b6c4-79d3aa5b833c,25,হারাগাছ (কাউনিয়া) পৌরসভা,Haragachh (kaunia) pourasabha,,,438,0
302,302,2020-06-03 17:44:47,false,2020-06-03 17:44:47,c28fcfe8-4367-4ae8-a92f-c3e6648ace3d,66,হারাগাছ (কাউনিয়া) পৌরসভা,Haragachh (kaunia) pourasabha,,,442,0
303,303,2020-06-03 17:44:52,false,2020-06-03 17:44:52,d89099f2-a464-40e4-8ca4-a1adda30c3ed,33,পীরগঞ্জ পৌরসভা,Pirganj pourasabha,,,447,0
304,304,2020-06-03 17:44:53,false,2020-06-03 17:44:53,ce761dd7-2be6-4bda-a8e1-7ad8f9dd49f7,55,রানীশংকৈল পৌরসভা,Ranishankail pourasabha,,,669,0
305,305,2020-06-03 17:44:55,false,2020-06-03 17:44:55,1a471bfb-c997-449a-babf-23c708a3b0b0,66,ঠাকুরগাঁও পৌরসভা,Thakurgaon pourasabha,,,449,0
306,306,2020-06-03 17:44:57,false,2020-06-03 17:44:57,be16ec51-2e43-43d4-afda-80398463c669,12,আজমিরীগঞ্জ পৌরসভা,Ajmiriganj pourasabha,,,450,0
307,307,2020-06-03 17:44:59,false,2020-06-03 17:44:59,e6d32b98-3e5c-4d21-94c6-8a01484ff73f,16,চুনারুঘাট পৌরসভা,Chunarughat pourasabha,,,453,0
308,308,2020-06-03 17:45:00,false,2020-06-03 17:45:00,1d3c183b-027e-48d7-8021-146ffab940b8,20,হবিগঞ্জ পৌরসভা,Habiganj pourasabha,,,454,0
309,309,2020-06-03 17:45:02,false,2020-06-03 17:45:02,4d83a398-2ac9-4be7-86ea-b6f7c72f1cd3,40,মাধবপুর পৌরসভা,Madhabpur pourasabha,,,456,0
310,310,2020-06-03 17:45:03,false,2020-06-03 17:45:03,7070fbb9-a7b1-43fa-9222-348c9d8a6904,60,নবীগঞ্জ পৌরসভা,Nabiganj pourasabha,,,457,0
311,311,2020-06-03 17:45:04,false,2020-06-03 17:45:04,8bb12a37-d6fc-442d-883a-4d7df76201c2,80,নবীগঞ্জ পৌরসভা,Nabiganj pourasabha,,,489,0
312,312,2020-06-03 17:45:05,false,2020-06-03 17:45:05,fcb56695-39f3-44a1-b3b9-a06bea9a56e0,13,বড়লেখা পৌরসভা,Baralekha pourasabha,,,458,0
313,313,2020-06-03 17:45:07,false,2020-06-03 17:45:07,32d42984-da6d-4b4a-ad6b-e7f92e35cd4a,15,কমলগঞ্জ পৌরসভা,Kamalganj pourasabha,,,460,0
314,314,2020-06-03 17:45:09,false,2020-06-03 17:45:09,f0fa28e7-1ba2-4c42-b6d7-6b7f2c3a7794,25,কুলাউড়া পৌরসভা,Kulaura pourasabha,,,461,0
315,315,2020-06-03 17:45:10,false,2020-06-03 17:45:10,51e08ede-d51b-4c43-908c-ae0001dbc86d,50,মৌলভীবাজার পৌরসভা,Moulvibazar pourasabha,,,462,0
316,316,2020-06-03 17:45:12,false,2020-06-03 17:45:12,2fac9fd8-ddb8-4128-b1f7-fd963f577ac8,75,শ্রীমঙ্গল পৌরসভা,Sreemangal pourasabha,,,464,0
317,317,2020-06-03 17:45:14,false,2020-06-03 17:45:14,c1f28e66-421f-473c-9cfc-0f9c227528d0,20,ছাতক পৌরসভা,Chhatak pourasabha,,,466,0
318,318,2020-06-03 17:45:15,false,2020-06-03 17:45:15,bb902a2d-f55b-4c8e-a95e-40ab5612362a,40,দিরাই পৌরসভা,Derai pourasabha,,,467,0
319,319,2020-06-03 17:45:17,false,2020-06-03 17:45:17,1a13e5e6-6c68-4160-ae14-6249044745a5,50,জগন্নাথপুর পৌরসভা,Jagannathpur pourasabha,,,470,0
320,320,2020-06-03 17:45:19,false,2020-06-03 17:45:19,da67219c-1107-4129-a91a-74a15b5cdbc7,60,সুনামগঞ্জ পৌরসভা,Sunamganj pourasabha,,,473,0
321,321,2020-06-03 17:45:21,false,2020-06-03 17:45:21,99711e40-110e-42b5-bb79-fb541ca87298,16,বিয়ানীবাজার পৌরসভা,Beanibazar pourasabha,,,477,0
322,322,2020-06-03 17:45:24,false,2020-06-03 17:45:24,2931522a-bfff-46f5-87b0-e7500cd5354f,25,গোলাপগঞ্জ পৌরসভা,Golapganj pourasabha,,,482,0
323,323,2020-06-03 17:45:26,false,2020-06-03 17:45:26,ddf44de6-8848-4e25-9da3-f982ad145182,37,কানাইঘাট পৌরসভা,Kanaighat pourasabha,,,485,0
324,324,2020-06-03 17:45:28,false,2020-06-03 17:45:28,c7b2b1ab-f6b6-4d36-b735-743f644607e4,75,জকিগঞ্জ পৌরসভা,Zakiganj pourasabha,,,487,0
